,mean_fit_time,std_fit_time,mean_score_time,std_score_time,param_ccp_alpha,param_max_depth,params,split0_test_score,split1_test_score,split2_test_score,split3_test_score,split4_test_score,mean_test_score,std_test_score,rank_test_score,mean_test_error,std_test_error,delta
0,0.0015957355499267578,8.27332394714508e-05,0.0007919788360595704,1.2733784312041196e-05,0.0,1,"{'ccp_alpha': 0.0, 'max_depth': 1}",0.54296875,0.546875,0.58984375,0.546875,0.5725490196078431,0.5598223039215686,0.01834428605458158,66,-0.5598223039215686,0.01834428605458158,0.01834428605458158
1,0.00198979377746582,1.487349803461641e-05,0.0008009910583496094,7.6213436563855365e-06,0.0,2,"{'ccp_alpha': 0.0, 'max_depth': 2}",0.54296875,0.546875,0.56640625,0.546875,0.5686274509803921,0.5543504901960784,0.010867224769195117,192,-0.5543504901960784,0.010867224769195117,0.010867224769195117
2,0.0034009456634521485,2.0998492180155272e-05,0.0008216381072998046,1.5133402157262622e-05,0.0,5,"{'ccp_alpha': 0.0, 'max_depth': 5}",0.5546875,0.5859375,0.6328125,0.5703125,0.6313725490196078,0.5950245098039215,0.03184161959929593,25,-0.5950245098039215,0.03184161959929593,0.03184161959929593
3,0.005166387557983399,7.28446758045978e-05,0.0008442401885986328,1.3792880563658639e-05,0.0,10,"{'ccp_alpha': 0.0, 'max_depth': 10}",0.59375,0.61328125,0.62109375,0.62109375,0.5843137254901961,0.6067064950980392,0.015010133278450945,23,-0.6067064950980392,0.015010133278450945,0.015010133278450945
4,0.005537700653076172,6.959869162986927e-05,0.0008614063262939453,1.5610864977318078e-05,0.0,15,"{'ccp_alpha': 0.0, 'max_depth': 15}",0.6640625,0.65625,0.64453125,0.6328125,0.6431372549019608,0.6481587009803922,0.010883741534464302,1,-0.6481587009803922,0.010883741534464302,0.010883741534464302
5,0.005532217025756836,9.721251439650884e-05,0.0008549690246582031,1.473033259894278e-05,0.0,20,"{'ccp_alpha': 0.0, 'max_depth': 20}",0.65234375,0.65625,0.640625,0.6328125,0.6470588235294118,0.6458180147058823,0.00835538101276729,2,-0.6458180147058823,0.00835538101276729,0.00835538101276729
6,0.00553426742553711,9.196835295199917e-05,0.0008566379547119141,1.5223731059739805e-05,0.0,25,"{'ccp_alpha': 0.0, 'max_depth': 25}",0.65234375,0.65625,0.640625,0.6328125,0.6470588235294118,0.6458180147058823,0.00835538101276729,2,-0.6458180147058823,0.00835538101276729,0.00835538101276729
7,0.005561208724975586,9.825641271239096e-05,0.0008716106414794922,4.3037928240218754e-05,0.0,30,"{'ccp_alpha': 0.0, 'max_depth': 30}",0.65234375,0.65625,0.640625,0.6328125,0.6470588235294118,0.6458180147058823,0.00835538101276729,2,-0.6458180147058823,0.00835538101276729,0.00835538101276729
8,0.005552244186401367,0.00010000645139370043,0.000853729248046875,1.2297777298532908e-05,0.0,40,"{'ccp_alpha': 0.0, 'max_depth': 40}",0.65234375,0.65625,0.640625,0.6328125,0.6470588235294118,0.6458180147058823,0.00835538101276729,2,-0.6458180147058823,0.00835538101276729,0.00835538101276729
9,0.005560874938964844,0.00011544945492456701,0.0008569717407226563,1.2261856165507392e-05,0.0,50,"{'ccp_alpha': 0.0, 'max_depth': 50}",0.65234375,0.65625,0.640625,0.6328125,0.6470588235294118,0.6458180147058823,0.00835538101276729,2,-0.6458180147058823,0.00835538101276729,0.00835538101276729
10,0.005565214157104492,0.00010871922760620877,0.0008629322052001953,9.048102871878178e-06,0.0,75,"{'ccp_alpha': 0.0, 'max_depth': 75}",0.65234375,0.65625,0.640625,0.6328125,0.6470588235294118,0.6458180147058823,0.00835538101276729,2,-0.6458180147058823,0.00835538101276729,0.00835538101276729
11,0.005574464797973633,0.00010420686711244459,0.0008607864379882813,5.148074942117988e-06,0.0,100,"{'ccp_alpha': 0.0, 'max_depth': 100}",0.65234375,0.65625,0.640625,0.6328125,0.6470588235294118,0.6458180147058823,0.00835538101276729,2,-0.6458180147058823,0.00835538101276729,0.00835538101276729
12,0.0055692195892333984,0.00010372737245640048,0.0008533477783203125,9.003766447577922e-06,0.0,150,"{'ccp_alpha': 0.0, 'max_depth': 150}",0.65234375,0.65625,0.640625,0.6328125,0.6470588235294118,0.6458180147058823,0.00835538101276729,2,-0.6458180147058823,0.00835538101276729,0.00835538101276729
13,0.005562877655029297,0.00011239352240449779,0.000855112075805664,7.870846943707074e-06,0.0,200,"{'ccp_alpha': 0.0, 'max_depth': 200}",0.65234375,0.65625,0.640625,0.6328125,0.6470588235294118,0.6458180147058823,0.00835538101276729,2,-0.6458180147058823,0.00835538101276729,0.00835538101276729
14,0.005564832687377929,0.00010664413739010909,0.0008578300476074219,1.3977918275207123e-05,0.0,500,"{'ccp_alpha': 0.0, 'max_depth': 500}",0.65234375,0.65625,0.640625,0.6328125,0.6470588235294118,0.6458180147058823,0.00835538101276729,2,-0.6458180147058823,0.00835538101276729,0.00835538101276729
15,0.0016502857208251954,1.5200114689201717e-05,0.0008196830749511719,1.2779769601634983e-05,0.005,1,"{'ccp_alpha': 0.005, 'max_depth': 1}",0.54296875,0.546875,0.58984375,0.546875,0.5725490196078431,0.5598223039215686,0.01834428605458158,66,-0.5598223039215686,0.01834428605458158,0.01834428605458158
16,0.0020537376403808594,1.7562243328764817e-05,0.0008283138275146484,6.103515625e-06,0.005,2,"{'ccp_alpha': 0.005, 'max_depth': 2}",0.54296875,0.546875,0.56640625,0.546875,0.5686274509803921,0.5543504901960784,0.010867224769195117,192,-0.5543504901960784,0.010867224769195117,0.010867224769195117
17,0.0034923553466796875,4.32699178768547e-05,0.0008536338806152344,1.960641675893009e-05,0.005,5,"{'ccp_alpha': 0.005, 'max_depth': 5}",0.5625,0.5859375,0.6328125,0.5703125,0.6196078431372549,0.594234068627451,0.027496361243919056,26,-0.594234068627451,0.027496361243919056,0.027496361243919056
18,0.005280876159667968,6.783544472306308e-05,0.0008586883544921875,1.3321263406164781e-05,0.005,10,"{'ccp_alpha': 0.005, 'max_depth': 10}",0.62890625,0.60546875,0.58984375,0.6015625,0.5882352941176471,0.6028033088235294,0.014630002998190943,24,-0.6028033088235294,0.014630002998190943,0.014630002998190943
19,0.005668926239013672,0.00010898920380658215,0.0008680343627929688,1.1537488658780374e-05,0.005,15,"{'ccp_alpha': 0.005, 'max_depth': 15}",0.64453125,0.6328125,0.59765625,0.6015625,0.6,0.6153125,0.01946927667826928,12,-0.6153125,0.01946927667826928,0.01946927667826928
20,0.005686378479003907,0.00011329911771653948,0.0008517742156982422,7.450876230096667e-06,0.005,20,"{'ccp_alpha': 0.005, 'max_depth': 20}",0.640625,0.6328125,0.5859375,0.6015625,0.6039215686274509,0.6129718137254903,0.020500170914437416,13,-0.6129718137254903,0.020500170914437416,0.020500170914437416
21,0.0056513786315917965,0.00010544212002218805,0.0008495807647705078,4.295770885297855e-06,0.005,25,"{'ccp_alpha': 0.005, 'max_depth': 25}",0.640625,0.6328125,0.5859375,0.6015625,0.6039215686274509,0.6129718137254903,0.020500170914437416,13,-0.6129718137254903,0.020500170914437416,0.020500170914437416
22,0.005646800994873047,0.00011133678965537166,0.0008448600769042969,3.928050103496355e-06,0.005,30,"{'ccp_alpha': 0.005, 'max_depth': 30}",0.640625,0.6328125,0.5859375,0.6015625,0.6039215686274509,0.6129718137254903,0.020500170914437416,13,-0.6129718137254903,0.020500170914437416,0.020500170914437416
23,0.005663633346557617,8.471908234734457e-05,0.0008573055267333985,1.9391742556950235e-05,0.005,40,"{'ccp_alpha': 0.005, 'max_depth': 40}",0.640625,0.6328125,0.5859375,0.6015625,0.6039215686274509,0.6129718137254903,0.020500170914437416,13,-0.6129718137254903,0.020500170914437416,0.020500170914437416
24,0.0056610584259033205,0.00011686386710916965,0.0008470535278320313,9.07920989377321e-06,0.005,50,"{'ccp_alpha': 0.005, 'max_depth': 50}",0.640625,0.6328125,0.5859375,0.6015625,0.6039215686274509,0.6129718137254903,0.020500170914437416,13,-0.6129718137254903,0.020500170914437416,0.020500170914437416
25,0.005640602111816407,0.00010515665967967183,0.0008649349212646485,1.568743522310858e-05,0.005,75,"{'ccp_alpha': 0.005, 'max_depth': 75}",0.640625,0.6328125,0.5859375,0.6015625,0.6039215686274509,0.6129718137254903,0.020500170914437416,13,-0.6129718137254903,0.020500170914437416,0.020500170914437416
26,0.0056397438049316405,0.00010037001965712958,0.0008542060852050782,2.263816737345403e-05,0.005,100,"{'ccp_alpha': 0.005, 'max_depth': 100}",0.640625,0.6328125,0.5859375,0.6015625,0.6039215686274509,0.6129718137254903,0.020500170914437416,13,-0.6129718137254903,0.020500170914437416,0.020500170914437416
27,0.005624055862426758,0.00010679449218116317,0.0008522987365722657,2.0597709483254308e-05,0.005,150,"{'ccp_alpha': 0.005, 'max_depth': 150}",0.640625,0.6328125,0.5859375,0.6015625,0.6039215686274509,0.6129718137254903,0.020500170914437416,13,-0.6129718137254903,0.020500170914437416,0.020500170914437416
28,0.0056384563446044925,0.0001151001934357982,0.0008473873138427734,7.430708132111937e-06,0.005,200,"{'ccp_alpha': 0.005, 'max_depth': 200}",0.640625,0.6328125,0.5859375,0.6015625,0.6039215686274509,0.6129718137254903,0.020500170914437416,13,-0.6129718137254903,0.020500170914437416,0.020500170914437416
29,0.005639553070068359,0.0001029546527704188,0.0008569240570068359,1.8048396670812395e-05,0.005,500,"{'ccp_alpha': 0.005, 'max_depth': 500}",0.640625,0.6328125,0.5859375,0.6015625,0.6039215686274509,0.6129718137254903,0.020500170914437416,13,-0.6129718137254903,0.020500170914437416,0.020500170914437416
30,0.0016482353210449218,2.535608210331992e-05,0.0008333683013916016,2.5554468069077254e-05,0.01,1,"{'ccp_alpha': 0.01, 'max_depth': 1}",0.54296875,0.546875,0.58984375,0.546875,0.5725490196078431,0.5598223039215686,0.01834428605458158,66,-0.5598223039215686,0.01834428605458158,0.01834428605458158
31,0.0020533084869384767,6.424750348454355e-06,0.0008335113525390625,2.103657254676157e-05,0.01,2,"{'ccp_alpha': 0.01, 'max_depth': 2}",0.54296875,0.546875,0.56640625,0.546875,0.5686274509803921,0.5543504901960784,0.010867224769195117,192,-0.5543504901960784,0.010867224769195117,0.010867224769195117
32,0.003466939926147461,2.685596657963475e-05,0.0008342266082763672,6.024021796170714e-06,0.01,5,"{'ccp_alpha': 0.01, 'max_depth': 5}",0.56640625,0.59375,0.64453125,0.5625,0.6039215686274509,0.5942218137254902,0.02968274341434814,27,-0.5942218137254902,0.02968274341434814,0.02968274341434814
33,0.005266809463500976,6.160056959578443e-05,0.0008406639099121094,8.549891031761697e-06,0.01,10,"{'ccp_alpha': 0.01, 'max_depth': 10}",0.578125,0.5625,0.625,0.5625,0.6039215686274509,0.5864093137254902,0.024526967029940984,41,-0.5864093137254902,0.024526967029940984,0.024526967029940984
34,0.005673360824584961,0.00010043048640846686,0.0008450031280517578,8.063202140355765e-06,0.01,15,"{'ccp_alpha': 0.01, 'max_depth': 15}",0.578125,0.5625,0.625,0.5625,0.6039215686274509,0.5864093137254902,0.024526967029940984,41,-0.5864093137254902,0.024526967029940984,0.024526967029940984
35,0.005696773529052734,0.00011050293481790824,0.000847768783569336,2.7074946530491617e-06,0.01,20,"{'ccp_alpha': 0.01, 'max_depth': 20}",0.578125,0.5625,0.625,0.5625,0.6039215686274509,0.5864093137254902,0.024526967029940984,41,-0.5864093137254902,0.024526967029940984,0.024526967029940984
36,0.005704259872436524,0.000110538382022837,0.0008448123931884766,1.1673846243361935e-05,0.01,25,"{'ccp_alpha': 0.01, 'max_depth': 25}",0.578125,0.5625,0.625,0.5625,0.6039215686274509,0.5864093137254902,0.024526967029940984,41,-0.5864093137254902,0.024526967029940984,0.024526967029940984
37,0.005675363540649414,0.00010989647271193385,0.0008485794067382812,5.834975077999011e-06,0.01,30,"{'ccp_alpha': 0.01, 'max_depth': 30}",0.578125,0.5625,0.625,0.5625,0.6039215686274509,0.5864093137254902,0.024526967029940984,41,-0.5864093137254902,0.024526967029940984,0.024526967029940984
38,0.005666923522949219,0.00011669856633917746,0.0008275985717773437,1.1050283193657678e-05,0.01,40,"{'ccp_alpha': 0.01, 'max_depth': 40}",0.578125,0.5625,0.625,0.5625,0.6039215686274509,0.5864093137254902,0.024526967029940984,41,-0.5864093137254902,0.024526967029940984,0.024526967029940984
39,0.005649042129516601,0.00011296023691774598,0.0008237838745117187,7.943883803437373e-06,0.01,50,"{'ccp_alpha': 0.01, 'max_depth': 50}",0.578125,0.5625,0.625,0.5625,0.6039215686274509,0.5864093137254902,0.024526967029940984,41,-0.5864093137254902,0.024526967029940984,0.024526967029940984
40,0.005661153793334961,9.660920878200221e-05,0.0008428573608398437,1.4148008391278783e-05,0.01,75,"{'ccp_alpha': 0.01, 'max_depth': 75}",0.578125,0.5625,0.625,0.5625,0.6039215686274509,0.5864093137254902,0.024526967029940984,41,-0.5864093137254902,0.024526967029940984,0.024526967029940984
41,0.005675649642944336,0.00012182378461989041,0.0008297920227050781,8.578564203522433e-06,0.01,100,"{'ccp_alpha': 0.01, 'max_depth': 100}",0.578125,0.5625,0.625,0.5625,0.6039215686274509,0.5864093137254902,0.024526967029940984,41,-0.5864093137254902,0.024526967029940984,0.024526967029940984
42,0.005655860900878907,0.00011243488543070597,0.0008262157440185547,1.1780483714327317e-05,0.01,150,"{'ccp_alpha': 0.01, 'max_depth': 150}",0.578125,0.5625,0.625,0.5625,0.6039215686274509,0.5864093137254902,0.024526967029940984,41,-0.5864093137254902,0.024526967029940984,0.024526967029940984
43,0.005670928955078125,9.849632183046085e-05,0.0008248329162597656,9.190224452109043e-06,0.01,200,"{'ccp_alpha': 0.01, 'max_depth': 200}",0.578125,0.5625,0.625,0.5625,0.6039215686274509,0.5864093137254902,0.024526967029940984,41,-0.5864093137254902,0.024526967029940984,0.024526967029940984
44,0.005667209625244141,0.00010698561870508423,0.0008200168609619141,2.424847056406235e-06,0.01,500,"{'ccp_alpha': 0.01, 'max_depth': 500}",0.578125,0.5625,0.625,0.5625,0.6039215686274509,0.5864093137254902,0.024526967029940984,41,-0.5864093137254902,0.024526967029940984,0.024526967029940984
45,0.001636838912963867,2.0719987428203062e-05,0.0008220672607421875,1.9896741097833367e-05,0.015,1,"{'ccp_alpha': 0.015, 'max_depth': 1}",0.54296875,0.546875,0.58984375,0.546875,0.5725490196078431,0.5598223039215686,0.01834428605458158,66,-0.5598223039215686,0.01834428605458158,0.01834428605458158
46,0.002055501937866211,5.2724477768574966e-06,0.0008235931396484375,4.938430968236882e-06,0.015,2,"{'ccp_alpha': 0.015, 'max_depth': 2}",0.54296875,0.546875,0.56640625,0.546875,0.5686274509803921,0.5543504901960784,0.010867224769195117,192,-0.5543504901960784,0.010867224769195117,0.010867224769195117
47,0.003471517562866211,3.349033455561323e-05,0.000847625732421875,1.3961967873638034e-05,0.015,5,"{'ccp_alpha': 0.015, 'max_depth': 5}",0.56640625,0.5625,0.63671875,0.58203125,0.592156862745098,0.5879626225490197,0.02661937316955407,40,-0.5879626225490197,0.02661937316955407,0.02661937316955407
48,0.005264806747436524,7.991019714778196e-05,0.0008327960968017578,9.810569647840035e-06,0.015,10,"{'ccp_alpha': 0.015, 'max_depth': 10}",0.56640625,0.5625,0.63671875,0.59375,0.592156862745098,0.5903063725490196,0.026509627974878217,28,-0.5903063725490196,0.026509627974878217,0.026509627974878217
49,0.005645179748535156,0.00010429482783940888,0.0008238315582275391,4.915356218281421e-06,0.015,15,"{'ccp_alpha': 0.015, 'max_depth': 15}",0.56640625,0.5625,0.63671875,0.59375,0.592156862745098,0.5903063725490196,0.026509627974878217,28,-0.5903063725490196,0.026509627974878217,0.026509627974878217
50,0.0056704521179199215,0.00010773761784568301,0.000832366943359375,7.941021039351677e-06,0.015,20,"{'ccp_alpha': 0.015, 'max_depth': 20}",0.56640625,0.5625,0.63671875,0.59375,0.592156862745098,0.5903063725490196,0.026509627974878217,28,-0.5903063725490196,0.026509627974878217,0.026509627974878217
51,0.005678796768188476,0.00010798562554754325,0.0008410453796386719,2.1906814506244674e-05,0.015,25,"{'ccp_alpha': 0.015, 'max_depth': 25}",0.56640625,0.5625,0.63671875,0.59375,0.592156862745098,0.5903063725490196,0.026509627974878217,28,-0.5903063725490196,0.026509627974878217,0.026509627974878217
52,0.0056836605072021484,8.827336408515165e-05,0.0008366584777832031,2.0167111548566562e-05,0.015,30,"{'ccp_alpha': 0.015, 'max_depth': 30}",0.56640625,0.5625,0.63671875,0.59375,0.592156862745098,0.5903063725490196,0.026509627974878217,28,-0.5903063725490196,0.026509627974878217,0.026509627974878217
53,0.005714321136474609,9.287101134231142e-05,0.0008433818817138672,1.1859353299491741e-05,0.015,40,"{'ccp_alpha': 0.015, 'max_depth': 40}",0.56640625,0.5625,0.63671875,0.59375,0.592156862745098,0.5903063725490196,0.026509627974878217,28,-0.5903063725490196,0.026509627974878217,0.026509627974878217
54,0.005700397491455078,0.00011529892904844746,0.0008540630340576171,1.6750767458357428e-05,0.015,50,"{'ccp_alpha': 0.015, 'max_depth': 50}",0.56640625,0.5625,0.63671875,0.59375,0.592156862745098,0.5903063725490196,0.026509627974878217,28,-0.5903063725490196,0.026509627974878217,0.026509627974878217
55,0.005710601806640625,0.00012818257338911913,0.0008483409881591796,1.7039440751400286e-05,0.015,75,"{'ccp_alpha': 0.015, 'max_depth': 75}",0.56640625,0.5625,0.63671875,0.59375,0.592156862745098,0.5903063725490196,0.026509627974878217,28,-0.5903063725490196,0.026509627974878217,0.026509627974878217
56,0.005806922912597656,0.00024449696835757503,0.0009482383728027343,0.00016287834612599563,0.015,100,"{'ccp_alpha': 0.015, 'max_depth': 100}",0.56640625,0.5625,0.63671875,0.59375,0.592156862745098,0.5903063725490196,0.026509627974878217,28,-0.5903063725490196,0.026509627974878217,0.026509627974878217
57,0.005980587005615235,0.00023140866511254157,0.0009900569915771485,0.00016345909623723936,0.015,150,"{'ccp_alpha': 0.015, 'max_depth': 150}",0.56640625,0.5625,0.63671875,0.59375,0.592156862745098,0.5903063725490196,0.026509627974878217,28,-0.5903063725490196,0.026509627974878217,0.026509627974878217
58,0.005909872055053711,0.0003760007911041946,0.0008709430694580078,3.497268183803229e-05,0.015,200,"{'ccp_alpha': 0.015, 'max_depth': 200}",0.56640625,0.5625,0.63671875,0.59375,0.592156862745098,0.5903063725490196,0.026509627974878217,28,-0.5903063725490196,0.026509627974878217,0.026509627974878217
59,0.005716705322265625,0.0001114126321152584,0.0008446216583251953,1.3220175844753154e-05,0.015,500,"{'ccp_alpha': 0.015, 'max_depth': 500}",0.56640625,0.5625,0.63671875,0.59375,0.592156862745098,0.5903063725490196,0.026509627974878217,28,-0.5903063725490196,0.026509627974878217,0.026509627974878217
60,0.0016232013702392578,1.4218545276630636e-05,0.0008015632629394531,5.69615866051405e-06,0.02,1,"{'ccp_alpha': 0.02, 'max_depth': 1}",0.54296875,0.546875,0.58984375,0.546875,0.5725490196078431,0.5598223039215686,0.01834428605458158,66,-0.5598223039215686,0.01834428605458158,0.01834428605458158
61,0.002052164077758789,3.095977020669681e-05,0.0008077144622802735,8.116603274949569e-06,0.02,2,"{'ccp_alpha': 0.02, 'max_depth': 2}",0.54296875,0.546875,0.56640625,0.546875,0.5686274509803921,0.5543504901960784,0.010867224769195117,192,-0.5543504901960784,0.010867224769195117,0.010867224769195117
62,0.003453350067138672,3.1346231726970147e-05,0.0008200168609619141,6.057145884781043e-06,0.02,5,"{'ccp_alpha': 0.02, 'max_depth': 5}",0.55859375,0.55859375,0.58203125,0.5625,0.4980392156862745,0.551951593137255,0.028322554907063376,213,-0.551951593137255,0.028322554907063376,0.028322554907063376
63,0.005256748199462891,6.66516354880388e-05,0.0008219718933105469,1.0877323464604712e-05,0.02,10,"{'ccp_alpha': 0.02, 'max_depth': 10}",0.55859375,0.55859375,0.58203125,0.5625,0.4980392156862745,0.551951593137255,0.028322554907063376,213,-0.551951593137255,0.028322554907063376,0.028322554907063376
64,0.005652999877929688,0.00011463651234232927,0.0008211612701416015,4.963231205325797e-06,0.02,15,"{'ccp_alpha': 0.02, 'max_depth': 15}",0.55859375,0.55859375,0.58203125,0.5625,0.4980392156862745,0.551951593137255,0.028322554907063376,213,-0.551951593137255,0.028322554907063376,0.028322554907063376
65,0.005665636062622071,0.00011257978880276218,0.0008243083953857422,7.368021359145621e-06,0.02,20,"{'ccp_alpha': 0.02, 'max_depth': 20}",0.55859375,0.55859375,0.58203125,0.5625,0.4980392156862745,0.551951593137255,0.028322554907063376,213,-0.551951593137255,0.028322554907063376,0.028322554907063376
66,0.005672264099121094,0.00010847991901307957,0.000832223892211914,1.8108891659755322e-05,0.02,25,"{'ccp_alpha': 0.02, 'max_depth': 25}",0.55859375,0.55859375,0.58203125,0.5625,0.4980392156862745,0.551951593137255,0.028322554907063376,213,-0.551951593137255,0.028322554907063376,0.028322554907063376
67,0.005741405487060547,0.00018935151317431206,0.0008291721343994141,1.9570898069101023e-05,0.02,30,"{'ccp_alpha': 0.02, 'max_depth': 30}",0.55859375,0.55859375,0.58203125,0.5625,0.4980392156862745,0.551951593137255,0.028322554907063376,213,-0.551951593137255,0.028322554907063376,0.028322554907063376
68,0.005712318420410156,0.00010684168338715782,0.0008295536041259766,8.436919036843854e-06,0.02,40,"{'ccp_alpha': 0.02, 'max_depth': 40}",0.55859375,0.55859375,0.58203125,0.5625,0.4980392156862745,0.551951593137255,0.028322554907063376,213,-0.551951593137255,0.028322554907063376,0.028322554907063376
69,0.005684185028076172,0.00013463093317715852,0.0008341312408447265,2.117854939791312e-05,0.02,50,"{'ccp_alpha': 0.02, 'max_depth': 50}",0.55859375,0.55859375,0.58203125,0.5625,0.4980392156862745,0.551951593137255,0.028322554907063376,213,-0.551951593137255,0.028322554907063376,0.028322554907063376
70,0.005668926239013672,0.00011056787497839672,0.0008387565612792969,5.388470873457584e-06,0.02,75,"{'ccp_alpha': 0.02, 'max_depth': 75}",0.55859375,0.55859375,0.58203125,0.5625,0.4980392156862745,0.551951593137255,0.028322554907063376,213,-0.551951593137255,0.028322554907063376,0.028322554907063376
71,0.005680513381958008,0.00011179196752947619,0.0008322715759277344,1.1295506373696366e-05,0.02,100,"{'ccp_alpha': 0.02, 'max_depth': 100}",0.55859375,0.55859375,0.58203125,0.5625,0.4980392156862745,0.551951593137255,0.028322554907063376,213,-0.551951593137255,0.028322554907063376,0.028322554907063376
72,0.005678939819335938,0.00011929646165785695,0.0008269786834716797,8.479929162185057e-06,0.02,150,"{'ccp_alpha': 0.02, 'max_depth': 150}",0.55859375,0.55859375,0.58203125,0.5625,0.4980392156862745,0.551951593137255,0.028322554907063376,213,-0.551951593137255,0.028322554907063376,0.028322554907063376
73,0.005684947967529297,0.00011935050229871541,0.0008705615997314453,7.6364335728455e-05,0.02,200,"{'ccp_alpha': 0.02, 'max_depth': 200}",0.55859375,0.55859375,0.58203125,0.5625,0.4980392156862745,0.551951593137255,0.028322554907063376,213,-0.551951593137255,0.028322554907063376,0.028322554907063376
74,0.005682563781738282,0.00011638525468692563,0.0008259773254394531,7.32003281105707e-06,0.02,500,"{'ccp_alpha': 0.02, 'max_depth': 500}",0.55859375,0.55859375,0.58203125,0.5625,0.4980392156862745,0.551951593137255,0.028322554907063376,213,-0.551951593137255,0.028322554907063376,0.028322554907063376
75,0.0016196250915527343,1.4221743186184056e-05,0.0008066177368164062,7.4015818148077195e-06,0.025,1,"{'ccp_alpha': 0.025, 'max_depth': 1}",0.54296875,0.546875,0.58984375,0.546875,0.5725490196078431,0.5598223039215686,0.01834428605458158,66,-0.5598223039215686,0.01834428605458158,0.01834428605458158
76,0.0020270347595214844,5.216955908435002e-06,0.0008101940155029296,7.2807897025552885e-06,0.025,2,"{'ccp_alpha': 0.025, 'max_depth': 2}",0.54296875,0.546875,0.56640625,0.546875,0.5686274509803921,0.5543504901960784,0.010867224769195117,192,-0.5543504901960784,0.010867224769195117,0.010867224769195117
77,0.003455352783203125,3.149920002918565e-05,0.0008625030517578125,9.490492247710723e-05,0.025,5,"{'ccp_alpha': 0.025, 'max_depth': 5}",0.55859375,0.546875,0.56640625,0.5625,0.5686274509803921,0.5606004901960784,0.007670243427247113,53,-0.5606004901960784,0.007670243427247113,0.007670243427247113
78,0.005252695083618164,7.035418383539279e-05,0.0008222579956054688,6.4282884016706185e-06,0.025,10,"{'ccp_alpha': 0.025, 'max_depth': 10}",0.55859375,0.546875,0.56640625,0.5625,0.5686274509803921,0.5606004901960784,0.007670243427247113,53,-0.5606004901960784,0.007670243427247113,0.007670243427247113
79,0.00566864013671875,0.0001078978287794026,0.0008269786834716797,1.7056912386189418e-05,0.025,15,"{'ccp_alpha': 0.025, 'max_depth': 15}",0.55859375,0.546875,0.56640625,0.5625,0.5686274509803921,0.5606004901960784,0.007670243427247113,53,-0.5606004901960784,0.007670243427247113,0.007670243427247113
80,0.005663871765136719,0.00011193319369182248,0.0008213520050048828,1.0433911816870004e-05,0.025,20,"{'ccp_alpha': 0.025, 'max_depth': 20}",0.55859375,0.546875,0.56640625,0.5625,0.5686274509803921,0.5606004901960784,0.007670243427247113,53,-0.5606004901960784,0.007670243427247113,0.007670243427247113
81,0.005673599243164062,0.0001091353486991719,0.0008199691772460937,7.858993904909175e-06,0.025,25,"{'ccp_alpha': 0.025, 'max_depth': 25}",0.55859375,0.546875,0.56640625,0.5625,0.5686274509803921,0.5606004901960784,0.007670243427247113,53,-0.5606004901960784,0.007670243427247113,0.007670243427247113
82,0.005661106109619141,0.00011841764808744007,0.000819253921508789,2.574037471058994e-06,0.025,30,"{'ccp_alpha': 0.025, 'max_depth': 30}",0.55859375,0.546875,0.56640625,0.5625,0.5686274509803921,0.5606004901960784,0.007670243427247113,53,-0.5606004901960784,0.007670243427247113,0.007670243427247113
83,0.005666923522949219,0.00010271966695149129,0.0008264541625976563,7.618359691799765e-06,0.025,40,"{'ccp_alpha': 0.025, 'max_depth': 40}",0.55859375,0.546875,0.56640625,0.5625,0.5686274509803921,0.5606004901960784,0.007670243427247113,53,-0.5606004901960784,0.007670243427247113,0.007670243427247113
84,0.005643701553344727,0.00012889964158894804,0.0008275508880615234,1.2737890515948486e-05,0.025,50,"{'ccp_alpha': 0.025, 'max_depth': 50}",0.55859375,0.546875,0.56640625,0.5625,0.5686274509803921,0.5606004901960784,0.007670243427247113,53,-0.5606004901960784,0.007670243427247113,0.007670243427247113
85,0.005663776397705078,0.00011388231081264131,0.0008341789245605469,1.8772128732483667e-05,0.025,75,"{'ccp_alpha': 0.025, 'max_depth': 75}",0.55859375,0.546875,0.56640625,0.5625,0.5686274509803921,0.5606004901960784,0.007670243427247113,53,-0.5606004901960784,0.007670243427247113,0.007670243427247113
86,0.005666065216064453,0.0001113732168140271,0.0008260726928710938,1.0917800859805055e-05,0.025,100,"{'ccp_alpha': 0.025, 'max_depth': 100}",0.55859375,0.546875,0.56640625,0.5625,0.5686274509803921,0.5606004901960784,0.007670243427247113,53,-0.5606004901960784,0.007670243427247113,0.007670243427247113
87,0.005674314498901367,0.00012517392287805194,0.0008161067962646484,6.217195897295617e-07,0.025,150,"{'ccp_alpha': 0.025, 'max_depth': 150}",0.55859375,0.546875,0.56640625,0.5625,0.5686274509803921,0.5606004901960784,0.007670243427247113,53,-0.5606004901960784,0.007670243427247113,0.007670243427247113
88,0.005635213851928711,9.240612020863299e-05,0.0008208751678466797,1.3129051121597258e-05,0.025,200,"{'ccp_alpha': 0.025, 'max_depth': 200}",0.55859375,0.546875,0.56640625,0.5625,0.5686274509803921,0.5606004901960784,0.007670243427247113,53,-0.5606004901960784,0.007670243427247113,0.007670243427247113
89,0.0056212425231933595,0.00011230678255132836,0.0008160591125488282,4.859061890738295e-06,0.025,500,"{'ccp_alpha': 0.025, 'max_depth': 500}",0.55859375,0.546875,0.56640625,0.5625,0.5686274509803921,0.5606004901960784,0.007670243427247113,53,-0.5606004901960784,0.007670243427247113,0.007670243427247113
90,0.0016011714935302735,1.3901581985738913e-05,0.0007971286773681641,1.101958189348455e-05,0.03,1,"{'ccp_alpha': 0.03, 'max_depth': 1}",0.54296875,0.546875,0.58984375,0.546875,0.5725490196078431,0.5598223039215686,0.01834428605458158,66,-0.5598223039215686,0.01834428605458158,0.01834428605458158
91,0.0020175933837890624,3.1071347346582245e-06,0.0007976531982421875,2.9340019346075363e-06,0.03,2,"{'ccp_alpha': 0.03, 'max_depth': 2}",0.54296875,0.546875,0.56640625,0.546875,0.5686274509803921,0.5543504901960784,0.010867224769195117,192,-0.5543504901960784,0.010867224769195117,0.010867224769195117
92,0.003430080413818359,4.404834707008596e-05,0.0008137702941894531,3.39995259665983e-06,0.03,5,"{'ccp_alpha': 0.03, 'max_depth': 5}",0.54296875,0.546875,0.56640625,0.55078125,0.5686274509803921,0.5551317401960784,0.01043348105872797,179,-0.5551317401960784,0.01043348105872797,0.01043348105872797
93,0.005204105377197265,6.779017975738652e-05,0.0008104801177978516,3.2780603870958735e-06,0.03,10,"{'ccp_alpha': 0.03, 'max_depth': 10}",0.54296875,0.546875,0.56640625,0.55078125,0.5686274509803921,0.5551317401960784,0.01043348105872797,179,-0.5551317401960784,0.01043348105872797,0.01043348105872797
94,0.005608701705932617,0.00010920691120376175,0.0008142948150634766,6.734385889144389e-06,0.03,15,"{'ccp_alpha': 0.03, 'max_depth': 15}",0.54296875,0.546875,0.56640625,0.55078125,0.5686274509803921,0.5551317401960784,0.01043348105872797,179,-0.5551317401960784,0.01043348105872797,0.01043348105872797
95,0.0056190967559814455,0.00011616994136924764,0.0008138656616210937,2.9494604290374975e-06,0.03,20,"{'ccp_alpha': 0.03, 'max_depth': 20}",0.54296875,0.546875,0.56640625,0.55078125,0.5686274509803921,0.5551317401960784,0.01043348105872797,179,-0.5551317401960784,0.01043348105872797,0.01043348105872797
96,0.005628013610839843,0.00011946123202700415,0.0008115768432617188,4.5562283270230305e-06,0.03,25,"{'ccp_alpha': 0.03, 'max_depth': 25}",0.54296875,0.546875,0.56640625,0.55078125,0.5686274509803921,0.5551317401960784,0.01043348105872797,179,-0.5551317401960784,0.01043348105872797,0.01043348105872797
97,0.005625391006469726,0.00011562771145976611,0.0008178234100341796,7.078101132871849e-06,0.03,30,"{'ccp_alpha': 0.03, 'max_depth': 30}",0.54296875,0.546875,0.56640625,0.55078125,0.5686274509803921,0.5551317401960784,0.01043348105872797,179,-0.5551317401960784,0.01043348105872797,0.01043348105872797
98,0.005633354187011719,0.00011901658695379403,0.0008307933807373047,2.1304324349125982e-05,0.03,40,"{'ccp_alpha': 0.03, 'max_depth': 40}",0.54296875,0.546875,0.56640625,0.55078125,0.5686274509803921,0.5551317401960784,0.01043348105872797,179,-0.5551317401960784,0.01043348105872797,0.01043348105872797
99,0.005641746520996094,0.0001289646976173459,0.0008161544799804687,3.5150370586361147e-06,0.03,50,"{'ccp_alpha': 0.03, 'max_depth': 50}",0.54296875,0.546875,0.56640625,0.55078125,0.5686274509803921,0.5551317401960784,0.01043348105872797,179,-0.5551317401960784,0.01043348105872797,0.01043348105872797
100,0.005848026275634766,0.00023891267124076586,0.0010115146636962891,0.00014890591496710597,0.03,75,"{'ccp_alpha': 0.03, 'max_depth': 75}",0.54296875,0.546875,0.56640625,0.55078125,0.5686274509803921,0.5551317401960784,0.01043348105872797,179,-0.5551317401960784,0.01043348105872797,0.01043348105872797
101,0.00580143928527832,0.00015224574890768266,0.0009284019470214844,0.00014782544093421644,0.03,100,"{'ccp_alpha': 0.03, 'max_depth': 100}",0.54296875,0.546875,0.56640625,0.55078125,0.5686274509803921,0.5551317401960784,0.01043348105872797,179,-0.5551317401960784,0.01043348105872797,0.01043348105872797
102,0.0057526111602783205,9.885725587518892e-05,0.000884389877319336,9.388675415182924e-05,0.03,150,"{'ccp_alpha': 0.03, 'max_depth': 150}",0.54296875,0.546875,0.56640625,0.55078125,0.5686274509803921,0.5551317401960784,0.01043348105872797,179,-0.5551317401960784,0.01043348105872797,0.01043348105872797
103,0.00579380989074707,0.0002146963739575895,0.0008548736572265625,4.3127436537327996e-05,0.03,200,"{'ccp_alpha': 0.03, 'max_depth': 200}",0.54296875,0.546875,0.56640625,0.55078125,0.5686274509803921,0.5551317401960784,0.01043348105872797,179,-0.5551317401960784,0.01043348105872797,0.01043348105872797
104,0.005711984634399414,6.443434019556498e-05,0.0008441925048828125,2.4468019584532127e-05,0.03,500,"{'ccp_alpha': 0.03, 'max_depth': 500}",0.54296875,0.546875,0.56640625,0.55078125,0.5686274509803921,0.5551317401960784,0.01043348105872797,179,-0.5551317401960784,0.01043348105872797,0.01043348105872797
105,0.0016168594360351563,1.7319497540784442e-05,0.0008052825927734375,1.2069350393018717e-05,0.035,1,"{'ccp_alpha': 0.035, 'max_depth': 1}",0.54296875,0.546875,0.58984375,0.546875,0.5725490196078431,0.5598223039215686,0.01834428605458158,66,-0.5598223039215686,0.01834428605458158,0.01834428605458158
106,0.0020473480224609377,4.3828157385709596e-05,0.0008059024810791015,9.92165102421935e-06,0.035,2,"{'ccp_alpha': 0.035, 'max_depth': 2}",0.54296875,0.546875,0.56640625,0.546875,0.5686274509803921,0.5543504901960784,0.010867224769195117,192,-0.5543504901960784,0.010867224769195117,0.010867224769195117
107,0.0034772872924804686,3.9198914766320906e-05,0.0008271217346191406,1.0525471467965717e-05,0.035,5,"{'ccp_alpha': 0.035, 'max_depth': 5}",0.54296875,0.546875,0.56640625,0.546875,0.5686274509803921,0.5543504901960784,0.010867224769195117,192,-0.5543504901960784,0.010867224769195117,0.010867224769195117
108,0.005300188064575195,8.562654483723483e-05,0.0008331298828125,1.0086655779485519e-05,0.035,10,"{'ccp_alpha': 0.035, 'max_depth': 10}",0.54296875,0.546875,0.56640625,0.546875,0.5686274509803921,0.5543504901960784,0.010867224769195117,192,-0.5543504901960784,0.010867224769195117,0.010867224769195117
109,0.005697488784790039,0.0001108372049330012,0.0008755207061767578,6.329165058813676e-05,0.035,15,"{'ccp_alpha': 0.035, 'max_depth': 15}",0.54296875,0.546875,0.56640625,0.546875,0.5686274509803921,0.5543504901960784,0.010867224769195117,192,-0.5543504901960784,0.010867224769195117,0.010867224769195117
110,0.0057604312896728516,0.00020558744354255766,0.0008840084075927735,8.545387523599735e-05,0.035,20,"{'ccp_alpha': 0.035, 'max_depth': 20}",0.54296875,0.546875,0.56640625,0.546875,0.5686274509803921,0.5543504901960784,0.010867224769195117,192,-0.5543504901960784,0.010867224769195117,0.010867224769195117
111,0.005684375762939453,9.16098376846597e-05,0.0008597373962402344,4.708993278568276e-05,0.035,25,"{'ccp_alpha': 0.035, 'max_depth': 25}",0.54296875,0.546875,0.56640625,0.546875,0.5686274509803921,0.5543504901960784,0.010867224769195117,192,-0.5543504901960784,0.010867224769195117,0.010867224769195117
112,0.005714035034179688,0.00011293630142036378,0.000860595703125,4.732199802550428e-05,0.035,30,"{'ccp_alpha': 0.035, 'max_depth': 30}",0.54296875,0.546875,0.56640625,0.546875,0.5686274509803921,0.5543504901960784,0.010867224769195117,192,-0.5543504901960784,0.010867224769195117,0.010867224769195117
113,0.005692625045776367,9.922345382575873e-05,0.0008468151092529297,3.352046519493483e-05,0.035,40,"{'ccp_alpha': 0.035, 'max_depth': 40}",0.54296875,0.546875,0.56640625,0.546875,0.5686274509803921,0.5543504901960784,0.010867224769195117,192,-0.5543504901960784,0.010867224769195117,0.010867224769195117
114,0.005697822570800782,0.00010754613638669023,0.0008478164672851562,4.203962540847806e-05,0.035,50,"{'ccp_alpha': 0.035, 'max_depth': 50}",0.54296875,0.546875,0.56640625,0.546875,0.5686274509803921,0.5543504901960784,0.010867224769195117,192,-0.5543504901960784,0.010867224769195117,0.010867224769195117
115,0.005742645263671875,7.372920223910391e-05,0.0009581565856933594,0.00020035029182546648,0.035,75,"{'ccp_alpha': 0.035, 'max_depth': 75}",0.54296875,0.546875,0.56640625,0.546875,0.5686274509803921,0.5543504901960784,0.010867224769195117,192,-0.5543504901960784,0.010867224769195117,0.010867224769195117
116,0.005702018737792969,0.00010108081762540166,0.0008714675903320312,6.35542545989112e-05,0.035,100,"{'ccp_alpha': 0.035, 'max_depth': 100}",0.54296875,0.546875,0.56640625,0.546875,0.5686274509803921,0.5543504901960784,0.010867224769195117,192,-0.5543504901960784,0.010867224769195117,0.010867224769195117
117,0.0056935310363769535,0.00010370529634924825,0.0008569240570068359,4.2672370156040565e-05,0.035,150,"{'ccp_alpha': 0.035, 'max_depth': 150}",0.54296875,0.546875,0.56640625,0.546875,0.5686274509803921,0.5543504901960784,0.010867224769195117,192,-0.5543504901960784,0.010867224769195117,0.010867224769195117
118,0.005694913864135742,0.00011663844319024734,0.0008447170257568359,3.916891465247931e-05,0.035,200,"{'ccp_alpha': 0.035, 'max_depth': 200}",0.54296875,0.546875,0.56640625,0.546875,0.5686274509803921,0.5543504901960784,0.010867224769195117,192,-0.5543504901960784,0.010867224769195117,0.010867224769195117
119,0.005716943740844726,0.0001293883899983509,0.0008434772491455079,4.2020258316304776e-05,0.035,500,"{'ccp_alpha': 0.035, 'max_depth': 500}",0.54296875,0.546875,0.56640625,0.546875,0.5686274509803921,0.5543504901960784,0.010867224769195117,192,-0.5543504901960784,0.010867224769195117,0.010867224769195117
120,0.001621389389038086,2.4948929414834105e-05,0.0008052349090576172,5.226970522325409e-06,0.04,1,"{'ccp_alpha': 0.04, 'max_depth': 1}",0.54296875,0.546875,0.58984375,0.546875,0.5725490196078431,0.5598223039215686,0.01834428605458158,66,-0.5598223039215686,0.01834428605458158,0.01834428605458158
121,0.0020354270935058595,1.3494070336335067e-05,0.00081634521484375,1.59494723450617e-05,0.04,2,"{'ccp_alpha': 0.04, 'max_depth': 2}",0.54296875,0.546875,0.56640625,0.546875,0.5725490196078431,0.5551348039215686,0.011956270274087235,165,-0.5551348039215686,0.011956270274087235,0.011956270274087235
122,0.0034878730773925783,5.501002275997937e-05,0.0008299827575683593,3.1568420566242456e-05,0.04,5,"{'ccp_alpha': 0.04, 'max_depth': 5}",0.54296875,0.546875,0.56640625,0.546875,0.5725490196078431,0.5551348039215686,0.011956270274087235,165,-0.5551348039215686,0.011956270274087235,0.011956270274087235
123,0.005286598205566406,7.023385637775609e-05,0.0008448123931884766,4.313033611420436e-05,0.04,10,"{'ccp_alpha': 0.04, 'max_depth': 10}",0.54296875,0.546875,0.56640625,0.546875,0.5725490196078431,0.5551348039215686,0.011956270274087235,165,-0.5551348039215686,0.011956270274087235,0.011956270274087235
124,0.005698633193969726,0.00011285723192385795,0.0008450508117675781,3.980707881711437e-05,0.04,15,"{'ccp_alpha': 0.04, 'max_depth': 15}",0.54296875,0.546875,0.56640625,0.546875,0.5725490196078431,0.5551348039215686,0.011956270274087235,165,-0.5551348039215686,0.011956270274087235,0.011956270274087235
125,0.005726861953735352,0.00014106898322499017,0.0008426189422607421,4.494943353297767e-05,0.04,20,"{'ccp_alpha': 0.04, 'max_depth': 20}",0.54296875,0.546875,0.56640625,0.546875,0.5725490196078431,0.5551348039215686,0.011956270274087235,165,-0.5551348039215686,0.011956270274087235,0.011956270274087235
126,0.005694007873535157,0.0001242094990017678,0.0008395671844482422,1.5245073830292004e-05,0.04,25,"{'ccp_alpha': 0.04, 'max_depth': 25}",0.54296875,0.546875,0.56640625,0.546875,0.5725490196078431,0.5551348039215686,0.011956270274087235,165,-0.5551348039215686,0.011956270274087235,0.011956270274087235
127,0.005665922164916992,0.00012451583257124847,0.000815439224243164,2.9215762485581193e-06,0.04,30,"{'ccp_alpha': 0.04, 'max_depth': 30}",0.54296875,0.546875,0.56640625,0.546875,0.5725490196078431,0.5551348039215686,0.011956270274087235,165,-0.5551348039215686,0.011956270274087235,0.011956270274087235
128,0.005639314651489258,0.0001235463820568692,0.0008246898651123047,1.0394612574339838e-05,0.04,40,"{'ccp_alpha': 0.04, 'max_depth': 40}",0.54296875,0.546875,0.56640625,0.546875,0.5725490196078431,0.5551348039215686,0.011956270274087235,165,-0.5551348039215686,0.011956270274087235,0.011956270274087235
129,0.005618429183959961,0.00010975405525199213,0.0008238792419433594,1.9891940891397177e-05,0.04,50,"{'ccp_alpha': 0.04, 'max_depth': 50}",0.54296875,0.546875,0.56640625,0.546875,0.5725490196078431,0.5551348039215686,0.011956270274087235,165,-0.5551348039215686,0.011956270274087235,0.011956270274087235
130,0.0056285858154296875,0.0001139200795992779,0.0008142471313476562,8.822647224684667e-06,0.04,75,"{'ccp_alpha': 0.04, 'max_depth': 75}",0.54296875,0.546875,0.56640625,0.546875,0.5725490196078431,0.5551348039215686,0.011956270274087235,165,-0.5551348039215686,0.011956270274087235,0.011956270274087235
131,0.005650186538696289,0.00011329741188614158,0.0008292198181152344,1.8062626799374828e-05,0.04,100,"{'ccp_alpha': 0.04, 'max_depth': 100}",0.54296875,0.546875,0.56640625,0.546875,0.5725490196078431,0.5551348039215686,0.011956270274087235,165,-0.5551348039215686,0.011956270274087235,0.011956270274087235
132,0.005666542053222656,0.00013051046086431283,0.0008224964141845704,1.2036148203304114e-05,0.04,150,"{'ccp_alpha': 0.04, 'max_depth': 150}",0.54296875,0.546875,0.56640625,0.546875,0.5725490196078431,0.5551348039215686,0.011956270274087235,165,-0.5551348039215686,0.011956270274087235,0.011956270274087235
133,0.005626487731933594,0.00011808719870857064,0.0008140087127685546,7.818384673713524e-06,0.04,200,"{'ccp_alpha': 0.04, 'max_depth': 200}",0.54296875,0.546875,0.56640625,0.546875,0.5725490196078431,0.5551348039215686,0.011956270274087235,165,-0.5551348039215686,0.011956270274087235,0.011956270274087235
134,0.005634737014770508,0.0001125417924559777,0.0008158683776855469,5.660119333543366e-06,0.04,500,"{'ccp_alpha': 0.04, 'max_depth': 500}",0.54296875,0.546875,0.56640625,0.546875,0.5725490196078431,0.5551348039215686,0.011956270274087235,165,-0.5551348039215686,0.011956270274087235,0.011956270274087235
135,0.0015982627868652345,2.1177475767068124e-05,0.0008007049560546875,1.1352930972297441e-05,0.05,1,"{'ccp_alpha': 0.05, 'max_depth': 1}",0.54296875,0.546875,0.58984375,0.546875,0.5725490196078431,0.5598223039215686,0.01834428605458158,66,-0.5598223039215686,0.01834428605458158,0.01834428605458158
136,0.0020273685455322265,1.1161045731844715e-05,0.0007996559143066406,4.806367175428067e-06,0.05,2,"{'ccp_alpha': 0.05, 'max_depth': 2}",0.54296875,0.546875,0.58984375,0.546875,0.5725490196078431,0.5598223039215686,0.01834428605458158,66,-0.5598223039215686,0.01834428605458158,0.01834428605458158
137,0.0034381389617919923,4.573203960589249e-05,0.0008121013641357421,1.0042376213132583e-05,0.05,5,"{'ccp_alpha': 0.05, 'max_depth': 5}",0.54296875,0.546875,0.58984375,0.546875,0.5725490196078431,0.5598223039215686,0.01834428605458158,66,-0.5598223039215686,0.01834428605458158,0.01834428605458158
138,0.0052073955535888675,7.266638464041597e-05,0.0008147239685058593,6.030434947032472e-06,0.05,10,"{'ccp_alpha': 0.05, 'max_depth': 10}",0.54296875,0.546875,0.58984375,0.546875,0.5725490196078431,0.5598223039215686,0.01834428605458158,66,-0.5598223039215686,0.01834428605458158,0.01834428605458158
139,0.0056040287017822266,0.00010317471383691078,0.000812530517578125,4.672030911985737e-06,0.05,15,"{'ccp_alpha': 0.05, 'max_depth': 15}",0.54296875,0.546875,0.58984375,0.546875,0.5725490196078431,0.5598223039215686,0.01834428605458158,66,-0.5598223039215686,0.01834428605458158,0.01834428605458158
140,0.005620050430297852,0.00010612239944448847,0.0008140087127685546,6.5665168705375705e-06,0.05,20,"{'ccp_alpha': 0.05, 'max_depth': 20}",0.54296875,0.546875,0.58984375,0.546875,0.5725490196078431,0.5598223039215686,0.01834428605458158,66,-0.5598223039215686,0.01834428605458158,0.01834428605458158
141,0.005633831024169922,0.00012163909355572243,0.0008242130279541016,1.0575684892739847e-05,0.05,25,"{'ccp_alpha': 0.05, 'max_depth': 25}",0.54296875,0.546875,0.58984375,0.546875,0.5725490196078431,0.5598223039215686,0.01834428605458158,66,-0.5598223039215686,0.01834428605458158,0.01834428605458158
142,0.005621862411499023,0.00011837528311265087,0.0008175373077392578,1.1760587007973626e-05,0.05,30,"{'ccp_alpha': 0.05, 'max_depth': 30}",0.54296875,0.546875,0.58984375,0.546875,0.5725490196078431,0.5598223039215686,0.01834428605458158,66,-0.5598223039215686,0.01834428605458158,0.01834428605458158
143,0.005608367919921875,0.00011400650942444564,0.0008125782012939453,4.63146116698764e-06,0.05,40,"{'ccp_alpha': 0.05, 'max_depth': 40}",0.54296875,0.546875,0.58984375,0.546875,0.5725490196078431,0.5598223039215686,0.01834428605458158,66,-0.5598223039215686,0.01834428605458158,0.01834428605458158
144,0.005622005462646485,0.00011760650808453416,0.0008180141448974609,1.0804334545568059e-05,0.05,50,"{'ccp_alpha': 0.05, 'max_depth': 50}",0.54296875,0.546875,0.58984375,0.546875,0.5725490196078431,0.5598223039215686,0.01834428605458158,66,-0.5598223039215686,0.01834428605458158,0.01834428605458158
145,0.005630016326904297,0.00010852461743806661,0.0008211135864257812,4.4425257487686596e-06,0.05,75,"{'ccp_alpha': 0.05, 'max_depth': 75}",0.54296875,0.546875,0.58984375,0.546875,0.5725490196078431,0.5598223039215686,0.01834428605458158,66,-0.5598223039215686,0.01834428605458158,0.01834428605458158
146,0.0056078433990478516,0.00011229844098626526,0.0008139610290527344,4.563707776643905e-06,0.05,100,"{'ccp_alpha': 0.05, 'max_depth': 100}",0.54296875,0.546875,0.58984375,0.546875,0.5725490196078431,0.5598223039215686,0.01834428605458158,66,-0.5598223039215686,0.01834428605458158,0.01834428605458158
147,0.005613517761230469,0.00010775152474143824,0.0008185386657714843,6.230712747766297e-06,0.05,150,"{'ccp_alpha': 0.05, 'max_depth': 150}",0.54296875,0.546875,0.58984375,0.546875,0.5725490196078431,0.5598223039215686,0.01834428605458158,66,-0.5598223039215686,0.01834428605458158,0.01834428605458158
148,0.005641937255859375,0.0001275514887636648,0.0008229732513427735,9.20604495886862e-06,0.05,200,"{'ccp_alpha': 0.05, 'max_depth': 200}",0.54296875,0.546875,0.58984375,0.546875,0.5725490196078431,0.5598223039215686,0.01834428605458158,66,-0.5598223039215686,0.01834428605458158,0.01834428605458158
149,0.005651426315307617,0.00010723466589175195,0.0008204936981201172,1.0227684641423656e-05,0.05,500,"{'ccp_alpha': 0.05, 'max_depth': 500}",0.54296875,0.546875,0.58984375,0.546875,0.5725490196078431,0.5598223039215686,0.01834428605458158,66,-0.5598223039215686,0.01834428605458158,0.01834428605458158
150,0.00160369873046875,1.0742708350689172e-05,0.0008009910583496094,1.0742708350689172e-05,0.06,1,"{'ccp_alpha': 0.06, 'max_depth': 1}",0.54296875,0.546875,0.58984375,0.546875,0.5725490196078431,0.5598223039215686,0.01834428605458158,66,-0.5598223039215686,0.01834428605458158,0.01834428605458158
151,0.002024555206298828,2.266888062790554e-05,0.0007983684539794922,4.33528638179043e-06,0.06,2,"{'ccp_alpha': 0.06, 'max_depth': 2}",0.54296875,0.546875,0.58984375,0.546875,0.5725490196078431,0.5598223039215686,0.01834428605458158,66,-0.5598223039215686,0.01834428605458158,0.01834428605458158
152,0.0034228801727294923,4.236064153965293e-05,0.0008148193359375,9.012853004950712e-06,0.06,5,"{'ccp_alpha': 0.06, 'max_depth': 5}",0.54296875,0.546875,0.58984375,0.546875,0.5725490196078431,0.5598223039215686,0.01834428605458158,66,-0.5598223039215686,0.01834428605458158,0.01834428605458158
153,0.0052128791809082035,6.437206267604111e-05,0.0008143424987792969,1.1432761305358229e-05,0.06,10,"{'ccp_alpha': 0.06, 'max_depth': 10}",0.54296875,0.546875,0.58984375,0.546875,0.5725490196078431,0.5598223039215686,0.01834428605458158,66,-0.5598223039215686,0.01834428605458158,0.01834428605458158
154,0.005608224868774414,0.00010799425812992496,0.0008107662200927734,3.43057742092227e-06,0.06,15,"{'ccp_alpha': 0.06, 'max_depth': 15}",0.54296875,0.546875,0.58984375,0.546875,0.5725490196078431,0.5598223039215686,0.01834428605458158,66,-0.5598223039215686,0.01834428605458158,0.01834428605458158
155,0.005616283416748047,0.00011547649251474216,0.0008209228515625,4.379120435302298e-06,0.06,20,"{'ccp_alpha': 0.06, 'max_depth': 20}",0.54296875,0.546875,0.58984375,0.546875,0.5725490196078431,0.5598223039215686,0.01834428605458158,66,-0.5598223039215686,0.01834428605458158,0.01834428605458158
156,0.005614423751831054,0.00010574938828071305,0.0008165836334228516,1.2384921536045529e-05,0.06,25,"{'ccp_alpha': 0.06, 'max_depth': 25}",0.54296875,0.546875,0.58984375,0.546875,0.5725490196078431,0.5598223039215686,0.01834428605458158,66,-0.5598223039215686,0.01834428605458158,0.01834428605458158
157,0.005610847473144531,0.00010453751817557289,0.0008100986480712891,4.0724238343803746e-06,0.06,30,"{'ccp_alpha': 0.06, 'max_depth': 30}",0.54296875,0.546875,0.58984375,0.546875,0.5725490196078431,0.5598223039215686,0.01834428605458158,66,-0.5598223039215686,0.01834428605458158,0.01834428605458158
158,0.005624580383300781,0.00011651059068167987,0.0008164882659912109,1.0256544480504423e-05,0.06,40,"{'ccp_alpha': 0.06, 'max_depth': 40}",0.54296875,0.546875,0.58984375,0.546875,0.5725490196078431,0.5598223039215686,0.01834428605458158,66,-0.5598223039215686,0.01834428605458158,0.01834428605458158
159,0.005618000030517578,0.00010634683103444842,0.0008128643035888672,5.285369406669272e-06,0.06,50,"{'ccp_alpha': 0.06, 'max_depth': 50}",0.54296875,0.546875,0.58984375,0.546875,0.5725490196078431,0.5598223039215686,0.01834428605458158,66,-0.5598223039215686,0.01834428605458158,0.01834428605458158
160,0.005621147155761719,0.00011309220375751572,0.0008085727691650391,2.3194096578627225e-06,0.06,75,"{'ccp_alpha': 0.06, 'max_depth': 75}",0.54296875,0.546875,0.58984375,0.546875,0.5725490196078431,0.5598223039215686,0.01834428605458158,66,-0.5598223039215686,0.01834428605458158,0.01834428605458158
161,0.0056155681610107425,0.00011178008892276961,0.0008118152618408203,7.399431129940347e-06,0.06,100,"{'ccp_alpha': 0.06, 'max_depth': 100}",0.54296875,0.546875,0.58984375,0.546875,0.5725490196078431,0.5598223039215686,0.01834428605458158,66,-0.5598223039215686,0.01834428605458158,0.01834428605458158
162,0.005625343322753907,0.0001206556882687833,0.0008148670196533204,1.0833127380552201e-05,0.06,150,"{'ccp_alpha': 0.06, 'max_depth': 150}",0.54296875,0.546875,0.58984375,0.546875,0.5725490196078431,0.5598223039215686,0.01834428605458158,66,-0.5598223039215686,0.01834428605458158,0.01834428605458158
163,0.005651664733886719,0.00011440320188181072,0.0008365631103515625,2.515260641564342e-05,0.06,200,"{'ccp_alpha': 0.06, 'max_depth': 200}",0.54296875,0.546875,0.58984375,0.546875,0.5725490196078431,0.5598223039215686,0.01834428605458158,66,-0.5598223039215686,0.01834428605458158,0.01834428605458158
164,0.0056168556213378905,0.0001163150786921894,0.0008121013641357421,2.9409683122843313e-06,0.06,500,"{'ccp_alpha': 0.06, 'max_depth': 500}",0.54296875,0.546875,0.58984375,0.546875,0.5725490196078431,0.5598223039215686,0.01834428605458158,66,-0.5598223039215686,0.01834428605458158,0.01834428605458158
165,0.0016583919525146485,0.00013996526304798954,0.00079803466796875,1.505053987149848e-05,0.07,1,"{'ccp_alpha': 0.07, 'max_depth': 1}",0.54296875,0.546875,0.58984375,0.546875,0.5725490196078431,0.5598223039215686,0.01834428605458158,66,-0.5598223039215686,0.01834428605458158,0.01834428605458158
166,0.00200958251953125,4.3843095832720156e-06,0.0007989883422851562,5.1410034072660655e-06,0.07,2,"{'ccp_alpha': 0.07, 'max_depth': 2}",0.54296875,0.546875,0.58984375,0.546875,0.5725490196078431,0.5598223039215686,0.01834428605458158,66,-0.5598223039215686,0.01834428605458158,0.01834428605458158
167,0.003410005569458008,3.11008240687612e-05,0.0008108615875244141,8.633254937177024e-06,0.07,5,"{'ccp_alpha': 0.07, 'max_depth': 5}",0.54296875,0.546875,0.58984375,0.546875,0.5725490196078431,0.5598223039215686,0.01834428605458158,66,-0.5598223039215686,0.01834428605458158,0.01834428605458158
168,0.0052067279815673825,5.9306850384984805e-05,0.0008113384246826172,8.6015925263423e-06,0.07,10,"{'ccp_alpha': 0.07, 'max_depth': 10}",0.54296875,0.546875,0.58984375,0.546875,0.5725490196078431,0.5598223039215686,0.01834428605458158,66,-0.5598223039215686,0.01834428605458158,0.01834428605458158
169,0.005621767044067383,0.00010965436287115849,0.0008182048797607422,9.755253872658073e-06,0.07,15,"{'ccp_alpha': 0.07, 'max_depth': 15}",0.54296875,0.546875,0.58984375,0.546875,0.5725490196078431,0.5598223039215686,0.01834428605458158,66,-0.5598223039215686,0.01834428605458158,0.01834428605458158
170,0.005650520324707031,0.00011777018697193573,0.0008194446563720703,4.317944115704259e-06,0.07,20,"{'ccp_alpha': 0.07, 'max_depth': 20}",0.54296875,0.546875,0.58984375,0.546875,0.5725490196078431,0.5598223039215686,0.01834428605458158,66,-0.5598223039215686,0.01834428605458158,0.01834428605458158
171,0.005621147155761719,0.00011041827224163996,0.0008163928985595703,5.728797108772148e-06,0.07,25,"{'ccp_alpha': 0.07, 'max_depth': 25}",0.54296875,0.546875,0.58984375,0.546875,0.5725490196078431,0.5598223039215686,0.01834428605458158,66,-0.5598223039215686,0.01834428605458158,0.01834428605458158
172,0.005613851547241211,9.936757814990395e-05,0.0008150577545166015,3.971226275187876e-06,0.07,30,"{'ccp_alpha': 0.07, 'max_depth': 30}",0.54296875,0.546875,0.58984375,0.546875,0.5725490196078431,0.5598223039215686,0.01834428605458158,66,-0.5598223039215686,0.01834428605458158,0.01834428605458158
173,0.005633926391601563,9.841907394017974e-05,0.0008106708526611328,3.0172905005562547e-06,0.07,40,"{'ccp_alpha': 0.07, 'max_depth': 40}",0.54296875,0.546875,0.58984375,0.546875,0.5725490196078431,0.5598223039215686,0.01834428605458158,66,-0.5598223039215686,0.01834428605458158,0.01834428605458158
174,0.005624103546142578,0.00010272675002231954,0.0008135795593261719,2.7250732540568445e-06,0.07,50,"{'ccp_alpha': 0.07, 'max_depth': 50}",0.54296875,0.546875,0.58984375,0.546875,0.5725490196078431,0.5598223039215686,0.01834428605458158,66,-0.5598223039215686,0.01834428605458158,0.01834428605458158
175,0.005620574951171875,9.08130828257656e-05,0.0008134841918945312,7.950464248911412e-06,0.07,75,"{'ccp_alpha': 0.07, 'max_depth': 75}",0.54296875,0.546875,0.58984375,0.546875,0.5725490196078431,0.5598223039215686,0.01834428605458158,66,-0.5598223039215686,0.01834428605458158,0.01834428605458158
176,0.005624914169311523,0.00011599377268196645,0.0008165359497070313,7.244787038920861e-06,0.07,100,"{'ccp_alpha': 0.07, 'max_depth': 100}",0.54296875,0.546875,0.58984375,0.546875,0.5725490196078431,0.5598223039215686,0.01834428605458158,66,-0.5598223039215686,0.01834428605458158,0.01834428605458158
177,0.005612325668334961,9.968353497947827e-05,0.0008160114288330078,3.843201003953912e-06,0.07,150,"{'ccp_alpha': 0.07, 'max_depth': 150}",0.54296875,0.546875,0.58984375,0.546875,0.5725490196078431,0.5598223039215686,0.01834428605458158,66,-0.5598223039215686,0.01834428605458158,0.01834428605458158
178,0.0056342601776123045,0.00010646775391477078,0.0008200168609619141,8.367914739616898e-06,0.07,200,"{'ccp_alpha': 0.07, 'max_depth': 200}",0.54296875,0.546875,0.58984375,0.546875,0.5725490196078431,0.5598223039215686,0.01834428605458158,66,-0.5598223039215686,0.01834428605458158,0.01834428605458158
179,0.0056190013885498045,0.00011159542171336318,0.0008199691772460937,1.040488836199315e-05,0.07,500,"{'ccp_alpha': 0.07, 'max_depth': 500}",0.54296875,0.546875,0.58984375,0.546875,0.5725490196078431,0.5598223039215686,0.01834428605458158,66,-0.5598223039215686,0.01834428605458158,0.01834428605458158
180,0.0015881061553955078,1.7419899748464038e-05,0.0007954597473144531,1.10164864182996e-05,0.08,1,"{'ccp_alpha': 0.08, 'max_depth': 1}",0.54296875,0.546875,0.58984375,0.546875,0.5725490196078431,0.5598223039215686,0.01834428605458158,66,-0.5598223039215686,0.01834428605458158,0.01834428605458158
181,0.002013874053955078,1.1801502919374183e-05,0.0008010387420654297,9.44980091290684e-06,0.08,2,"{'ccp_alpha': 0.08, 'max_depth': 2}",0.54296875,0.546875,0.58984375,0.546875,0.5725490196078431,0.5598223039215686,0.01834428605458158,66,-0.5598223039215686,0.01834428605458158,0.01834428605458158
182,0.003421640396118164,3.6161300445290325e-05,0.0008066177368164062,5.418767059649178e-06,0.08,5,"{'ccp_alpha': 0.08, 'max_depth': 5}",0.54296875,0.546875,0.58984375,0.546875,0.5725490196078431,0.5598223039215686,0.01834428605458158,66,-0.5598223039215686,0.01834428605458158,0.01834428605458158
183,0.005199146270751953,7.954458496851771e-05,0.00081939697265625,1.0089811169836267e-05,0.08,10,"{'ccp_alpha': 0.08, 'max_depth': 10}",0.54296875,0.546875,0.58984375,0.546875,0.5725490196078431,0.5598223039215686,0.01834428605458158,66,-0.5598223039215686,0.01834428605458158,0.01834428605458158
184,0.005627918243408203,9.810412047061739e-05,0.0008372783660888672,1.81206903746681e-05,0.08,15,"{'ccp_alpha': 0.08, 'max_depth': 15}",0.54296875,0.546875,0.58984375,0.546875,0.5725490196078431,0.5598223039215686,0.01834428605458158,66,-0.5598223039215686,0.01834428605458158,0.01834428605458158
185,0.005631637573242187,0.00011374164564947672,0.0008177280426025391,1.3649041989738978e-05,0.08,20,"{'ccp_alpha': 0.08, 'max_depth': 20}",0.54296875,0.546875,0.58984375,0.546875,0.5725490196078431,0.5598223039215686,0.01834428605458158,66,-0.5598223039215686,0.01834428605458158,0.01834428605458158
186,0.00562739372253418,0.00010892645359852466,0.0008133411407470703,3.6176827885419193e-06,0.08,25,"{'ccp_alpha': 0.08, 'max_depth': 25}",0.54296875,0.546875,0.58984375,0.546875,0.5725490196078431,0.5598223039215686,0.01834428605458158,66,-0.5598223039215686,0.01834428605458158,0.01834428605458158
187,0.00566411018371582,0.00013303807986581094,0.0008279323577880859,2.17959964792636e-05,0.08,30,"{'ccp_alpha': 0.08, 'max_depth': 30}",0.54296875,0.546875,0.58984375,0.546875,0.5725490196078431,0.5598223039215686,0.01834428605458158,66,-0.5598223039215686,0.01834428605458158,0.01834428605458158
188,0.0056666374206542965,0.00010687074977660998,0.0008133888244628906,6.423334581502733e-06,0.08,40,"{'ccp_alpha': 0.08, 'max_depth': 40}",0.54296875,0.546875,0.58984375,0.546875,0.5725490196078431,0.5598223039215686,0.01834428605458158,66,-0.5598223039215686,0.01834428605458158,0.01834428605458158
189,0.00562138557434082,0.00011394147369376664,0.0008105278015136719,7.19155172520629e-06,0.08,50,"{'ccp_alpha': 0.08, 'max_depth': 50}",0.54296875,0.546875,0.58984375,0.546875,0.5725490196078431,0.5598223039215686,0.01834428605458158,66,-0.5598223039215686,0.01834428605458158,0.01834428605458158
190,0.0056172370910644535,0.00010647877309579953,0.0008077621459960938,3.3207865422210978e-06,0.08,75,"{'ccp_alpha': 0.08, 'max_depth': 75}",0.54296875,0.546875,0.58984375,0.546875,0.5725490196078431,0.5598223039215686,0.01834428605458158,66,-0.5598223039215686,0.01834428605458158,0.01834428605458158
191,0.005635452270507812,0.00011642537532311311,0.0008174896240234375,1.0012899103153828e-05,0.08,100,"{'ccp_alpha': 0.08, 'max_depth': 100}",0.54296875,0.546875,0.58984375,0.546875,0.5725490196078431,0.5598223039215686,0.01834428605458158,66,-0.5598223039215686,0.01834428605458158,0.01834428605458158
192,0.005644035339355469,0.00010438763721689553,0.000819540023803711,1.1324857410603873e-05,0.08,150,"{'ccp_alpha': 0.08, 'max_depth': 150}",0.54296875,0.546875,0.58984375,0.546875,0.5725490196078431,0.5598223039215686,0.01834428605458158,66,-0.5598223039215686,0.01834428605458158,0.01834428605458158
193,0.0056493282318115234,0.00011247081542445235,0.0008241176605224609,1.7506873494443807e-05,0.08,200,"{'ccp_alpha': 0.08, 'max_depth': 200}",0.54296875,0.546875,0.58984375,0.546875,0.5725490196078431,0.5598223039215686,0.01834428605458158,66,-0.5598223039215686,0.01834428605458158,0.01834428605458158
194,0.005618667602539063,0.00010301951758888481,0.0008151054382324219,1.1186278583310372e-05,0.08,500,"{'ccp_alpha': 0.08, 'max_depth': 500}",0.54296875,0.546875,0.58984375,0.546875,0.5725490196078431,0.5598223039215686,0.01834428605458158,66,-0.5598223039215686,0.01834428605458158,0.01834428605458158
195,0.0015997886657714844,1.4087290155556992e-05,0.0007956504821777343,6.438890896755351e-06,0.09,1,"{'ccp_alpha': 0.09, 'max_depth': 1}",0.54296875,0.546875,0.58984375,0.546875,0.5725490196078431,0.5598223039215686,0.01834428605458158,66,-0.5598223039215686,0.01834428605458158,0.01834428605458158
196,0.0020139217376708984,5.808808262955117e-06,0.0008104801177978516,1.468131974221549e-05,0.09,2,"{'ccp_alpha': 0.09, 'max_depth': 2}",0.54296875,0.546875,0.58984375,0.546875,0.5725490196078431,0.5598223039215686,0.01834428605458158,66,-0.5598223039215686,0.01834428605458158,0.01834428605458158
197,0.0034608364105224608,7.419184720472722e-05,0.000823211669921875,2.5748941632073697e-05,0.09,5,"{'ccp_alpha': 0.09, 'max_depth': 5}",0.54296875,0.546875,0.58984375,0.546875,0.5725490196078431,0.5598223039215686,0.01834428605458158,66,-0.5598223039215686,0.01834428605458158,0.01834428605458158
198,0.005261373519897461,8.544402979524738e-05,0.0008266925811767578,1.2491495447290226e-05,0.09,10,"{'ccp_alpha': 0.09, 'max_depth': 10}",0.54296875,0.546875,0.58984375,0.546875,0.5725490196078431,0.5598223039215686,0.01834428605458158,66,-0.5598223039215686,0.01834428605458158,0.01834428605458158
199,0.0056488037109375,0.00011886149215600734,0.0008218288421630859,2.9740268954301213e-06,0.09,15,"{'ccp_alpha': 0.09, 'max_depth': 15}",0.54296875,0.546875,0.58984375,0.546875,0.5725490196078431,0.5598223039215686,0.01834428605458158,66,-0.5598223039215686,0.01834428605458158,0.01834428605458158
200,0.005633735656738281,0.00011496736713945654,0.000816965103149414,1.3951541441716512e-05,0.09,20,"{'ccp_alpha': 0.09, 'max_depth': 20}",0.54296875,0.546875,0.58984375,0.546875,0.5725490196078431,0.5598223039215686,0.01834428605458158,66,-0.5598223039215686,0.01834428605458158,0.01834428605458158
201,0.00562582015991211,0.00010862729331384759,0.0008180618286132812,1.0848857513878346e-05,0.09,25,"{'ccp_alpha': 0.09, 'max_depth': 25}",0.54296875,0.546875,0.58984375,0.546875,0.5725490196078431,0.5598223039215686,0.01834428605458158,66,-0.5598223039215686,0.01834428605458158,0.01834428605458158
202,0.005625629425048828,0.00011554115619113358,0.0008107185363769531,1.2139790833259249e-05,0.09,30,"{'ccp_alpha': 0.09, 'max_depth': 30}",0.54296875,0.546875,0.58984375,0.546875,0.5725490196078431,0.5598223039215686,0.01834428605458158,66,-0.5598223039215686,0.01834428605458158,0.01834428605458158
203,0.005646276473999024,0.00010627141703900097,0.0008266925811767578,1.714466659535824e-05,0.09,40,"{'ccp_alpha': 0.09, 'max_depth': 40}",0.54296875,0.546875,0.58984375,0.546875,0.5725490196078431,0.5598223039215686,0.01834428605458158,66,-0.5598223039215686,0.01834428605458158,0.01834428605458158
204,0.00563197135925293,0.0001059127570706495,0.0008189201354980469,1.1388724222661522e-05,0.09,50,"{'ccp_alpha': 0.09, 'max_depth': 50}",0.54296875,0.546875,0.58984375,0.546875,0.5725490196078431,0.5598223039215686,0.01834428605458158,66,-0.5598223039215686,0.01834428605458158,0.01834428605458158
205,0.005628538131713867,0.00010707212485907696,0.0008111000061035156,5.841984995190344e-06,0.09,75,"{'ccp_alpha': 0.09, 'max_depth': 75}",0.54296875,0.546875,0.58984375,0.546875,0.5725490196078431,0.5598223039215686,0.01834428605458158,66,-0.5598223039215686,0.01834428605458158,0.01834428605458158
206,0.0056149005889892575,0.00011219407856223086,0.0008136749267578125,6.503891033793455e-06,0.09,100,"{'ccp_alpha': 0.09, 'max_depth': 100}",0.54296875,0.546875,0.58984375,0.546875,0.5725490196078431,0.5598223039215686,0.01834428605458158,66,-0.5598223039215686,0.01834428605458158,0.01834428605458158
207,0.005607748031616211,0.00010771883330058651,0.0008149623870849609,5.291388701851301e-06,0.09,150,"{'ccp_alpha': 0.09, 'max_depth': 150}",0.54296875,0.546875,0.58984375,0.546875,0.5725490196078431,0.5598223039215686,0.01834428605458158,66,-0.5598223039215686,0.01834428605458158,0.01834428605458158
208,0.00566568374633789,0.00013465391668866553,0.0008260726928710938,2.286999695166321e-05,0.09,200,"{'ccp_alpha': 0.09, 'max_depth': 200}",0.54296875,0.546875,0.58984375,0.546875,0.5725490196078431,0.5598223039215686,0.01834428605458158,66,-0.5598223039215686,0.01834428605458158,0.01834428605458158
209,0.005625581741333008,0.00011612865561998141,0.0008154869079589844,1.0170837103191304e-05,0.09,500,"{'ccp_alpha': 0.09, 'max_depth': 500}",0.54296875,0.546875,0.58984375,0.546875,0.5725490196078431,0.5598223039215686,0.01834428605458158,66,-0.5598223039215686,0.01834428605458158,0.01834428605458158
210,0.0015998363494873046,1.9589477966310395e-05,0.0008034706115722656,1.7213094912597085e-05,0.1,1,"{'ccp_alpha': 0.1, 'max_depth': 1}",0.54296875,0.546875,0.58984375,0.546875,0.5725490196078431,0.5598223039215686,0.01834428605458158,66,-0.5598223039215686,0.01834428605458158,0.01834428605458158
211,0.0020152568817138673,1.254870163263773e-05,0.0008067131042480469,1.823526543236235e-05,0.1,2,"{'ccp_alpha': 0.1, 'max_depth': 2}",0.54296875,0.546875,0.58984375,0.546875,0.5725490196078431,0.5598223039215686,0.01834428605458158,66,-0.5598223039215686,0.01834428605458158,0.01834428605458158
212,0.0034171104431152343,2.9176278181853468e-05,0.0008149623870849609,1.2175138355208152e-05,0.1,5,"{'ccp_alpha': 0.1, 'max_depth': 5}",0.54296875,0.546875,0.58984375,0.546875,0.5725490196078431,0.5598223039215686,0.01834428605458158,66,-0.5598223039215686,0.01834428605458158,0.01834428605458158
213,0.005221128463745117,5.850405241134673e-05,0.0008177280426025391,9.025206119019302e-06,0.1,10,"{'ccp_alpha': 0.1, 'max_depth': 10}",0.54296875,0.546875,0.58984375,0.546875,0.5725490196078431,0.5598223039215686,0.01834428605458158,66,-0.5598223039215686,0.01834428605458158,0.01834428605458158
214,0.005604791641235352,0.00011071511922465414,0.000811004638671875,3.5670479219942176e-06,0.1,15,"{'ccp_alpha': 0.1, 'max_depth': 15}",0.54296875,0.546875,0.58984375,0.546875,0.5725490196078431,0.5598223039215686,0.01834428605458158,66,-0.5598223039215686,0.01834428605458158,0.01834428605458158
215,0.005640172958374023,0.00010480514099955902,0.0008200168609619141,1.0064088506315023e-05,0.1,20,"{'ccp_alpha': 0.1, 'max_depth': 20}",0.54296875,0.546875,0.58984375,0.546875,0.5725490196078431,0.5598223039215686,0.01834428605458158,66,-0.5598223039215686,0.01834428605458158,0.01834428605458158
216,0.005615806579589844,0.00011204441489843485,0.0008326530456542969,3.245912879794883e-05,0.1,25,"{'ccp_alpha': 0.1, 'max_depth': 25}",0.54296875,0.546875,0.58984375,0.546875,0.5725490196078431,0.5598223039215686,0.01834428605458158,66,-0.5598223039215686,0.01834428605458158,0.01834428605458158
217,0.005665493011474609,0.00012129320205832227,0.0008207321166992188,9.677092640253556e-06,0.1,30,"{'ccp_alpha': 0.1, 'max_depth': 30}",0.54296875,0.546875,0.58984375,0.546875,0.5725490196078431,0.5598223039215686,0.01834428605458158,66,-0.5598223039215686,0.01834428605458158,0.01834428605458158
218,0.005664682388305664,0.0001052268008946513,0.000821685791015625,8.344786506630606e-06,0.1,40,"{'ccp_alpha': 0.1, 'max_depth': 40}",0.54296875,0.546875,0.58984375,0.546875,0.5725490196078431,0.5598223039215686,0.01834428605458158,66,-0.5598223039215686,0.01834428605458158,0.01834428605458158
219,0.005664157867431641,0.0001177698394534082,0.0008265972137451172,1.0965181237644051e-05,0.1,50,"{'ccp_alpha': 0.1, 'max_depth': 50}",0.54296875,0.546875,0.58984375,0.546875,0.5725490196078431,0.5598223039215686,0.01834428605458158,66,-0.5598223039215686,0.01834428605458158,0.01834428605458158
220,0.0059169292449951175,0.0001676182384424405,0.0009932518005371094,0.00020852721902769067,0.1,75,"{'ccp_alpha': 0.1, 'max_depth': 75}",0.54296875,0.546875,0.58984375,0.546875,0.5725490196078431,0.5598223039215686,0.01834428605458158,66,-0.5598223039215686,0.01834428605458158,0.01834428605458158
221,0.00568857192993164,0.0001090132133660934,0.0008193492889404297,3.7715377680368786e-06,0.1,100,"{'ccp_alpha': 0.1, 'max_depth': 100}",0.54296875,0.546875,0.58984375,0.546875,0.5725490196078431,0.5598223039215686,0.01834428605458158,66,-0.5598223039215686,0.01834428605458158,0.01834428605458158
222,0.005652999877929688,0.00012470523379527098,0.0008192062377929688,1.068477058434325e-05,0.1,150,"{'ccp_alpha': 0.1, 'max_depth': 150}",0.54296875,0.546875,0.58984375,0.546875,0.5725490196078431,0.5598223039215686,0.01834428605458158,66,-0.5598223039215686,0.01834428605458158,0.01834428605458158
223,0.005676412582397461,0.00010247280454447437,0.0008283138275146484,7.912336430950059e-06,0.1,200,"{'ccp_alpha': 0.1, 'max_depth': 200}",0.54296875,0.546875,0.58984375,0.546875,0.5725490196078431,0.5598223039215686,0.01834428605458158,66,-0.5598223039215686,0.01834428605458158,0.01834428605458158
224,0.005662059783935547,0.00010985510600322864,0.0008203506469726563,8.769656320627327e-06,0.1,500,"{'ccp_alpha': 0.1, 'max_depth': 500}",0.54296875,0.546875,0.58984375,0.546875,0.5725490196078431,0.5598223039215686,0.01834428605458158,66,-0.5598223039215686,0.01834428605458158,0.01834428605458158
